InvoiceNo,StockCode,Description,Quantity,InvoiceDate,UnitPrice,CustomerID,Country
537022,22791,T-LIGHT GLASS FLUTED ANTIQUE,12,12/3/2010 15:45,1.25,12725,Italy
537022,21287,SCENTED VELVET LOUNGE CANDLE ,12,12/3/2010 15:45,1.25,12725,Italy
537022,79337,BLUE FLOCK GLASS CANDLEHOLDER,6,12/3/2010 15:45,1.65,12725,Italy
537022,85111,SILVER GLITTER FLOWER VOTIVE HOLDER,12,12/3/2010 15:45,1.25,12725,Italy
537022,85038,6 CHOCOLATE LOVE HEART T-LIGHTS,6,12/3/2010 15:45,2.1,12725,Italy
537022,22809,SET OF 6 T-LIGHTS SANTA,6,12/3/2010 15:45,2.95,12725,Italy
537022,22810,SET OF 6 T-LIGHTS SNOWMEN,6,12/3/2010 15:45,2.95,12725,Italy
537022,20956,PORCELAIN T-LIGHT HOLDERS ASSORTED,12,12/3/2010 15:45,1.25,12725,Italy
537022,22307,GOLD MUG BONE CHINA TREE OF LIFE,6,12/3/2010 15:45,1.95,12725,Italy
537022,85078,SCANDINAVIAN 3 HEARTS NAPKIN RING,24,12/3/2010 15:45,0.65,12725,Italy
537022,72802A,ROSE SCENT CANDLE IN JEWELLED BOX,6,12/3/2010 15:45,4.25,12725,Italy
537022,72803A,ROSE SCENT CANDLE JEWELLED DRAWER,4,12/3/2010 15:45,4.25,12725,Italy
537022,72807C,SET/3 VANILLA SCENTED CANDLE IN BOX,4,12/3/2010 15:45,4.25,12725,Italy
537022,85034A,3 GARDENIA MORRIS BOXED CANDLES,4,12/3/2010 15:45,4.25,12725,Italy
537022,85035C,ROSE 3 WICK MORRIS BOX CANDLE,4,12/3/2010 15:45,4.25,12725,Italy
537022,85036B,CHOCOLATE 1 WICK MORRIS BOX CANDLE,6,12/3/2010 15:45,4.25,12725,Italy
537022,85035B,CHOCOLATE 3 WICK MORRIS BOX CANDLE,4,12/3/2010 15:45,4.25,12725,Italy
537022,85035A,GARDENIA 3 WICK MORRIS BOXED CANDLE,4,12/3/2010 15:45,4.25,12725,Italy
537022,85034C,3 ROSE MORRIS BOXED CANDLES,4,12/3/2010 15:45,4.25,12725,Italy
537022,72741,GRAND CHOCOLATECANDLE,9,12/3/2010 15:45,1.45,12725,Italy
537022,84614A,PINK BAROQUE FLOCK CANDLE HOLDER,2,12/3/2010 15:45,5.95,12725,Italy
537022,22697,GREEN REGENCY TEACUP AND SAUCER,6,12/3/2010 15:45,2.95,12725,Italy
537022,84031A,CHARLIE+LOLA RED HOT WATER BOTTLE ,3,12/3/2010 15:45,4.65,12725,Italy
537022,POST,POSTAGE,2,12/3/2010 15:45,28,12725,Italy
C537232,84840,SWEETHEART CARRY-ALL BASKET,-2,12/6/2010 9:31,8.5,12586,Italy
539752,22215,CAKE STAND WHITE TWO TIER LACE,2,12/21/2010 15:43,8.5,12515,Italy
539752,22423,REGENCY CAKESTAND 3 TIER,2,12/21/2010 15:43,12.75,12515,Italy
539752,22223,CAKE PLATE LOVEBIRD PINK,12,12/21/2010 15:43,1.95,12515,Italy
539752,22236,CAKE STAND 3 TIER MAGIC GARDEN,2,12/21/2010 15:43,12.75,12515,Italy
539752,22221,CAKE STAND LOVEBIRD 2 TIER PINK,2,12/21/2010 15:43,9.95,12515,Italy
539752,15036,ASSORTED COLOURS SILK FAN,12,12/21/2010 15:43,0.75,12515,Italy
539752,15056N,EDWARDIAN PARASOL NATURAL,3,12/21/2010 15:43,5.95,12515,Italy
539752,15056P,EDWARDIAN PARASOL PINK,3,12/21/2010 15:43,5.95,12515,Italy
539752,22969,HOMEMADE JAM SCENTED CANDLES,12,12/21/2010 15:43,1.45,12515,Italy
539752,22720,SET OF 3 CAKE TINS PANTRY DESIGN ,3,12/21/2010 15:43,4.95,12515,Italy
539752,21976,PACK OF 60 MUSHROOM CAKE CASES,24,12/21/2010 15:43,0.55,12515,Italy
539752,21977,PACK OF 60 PINK PAISLEY CAKE CASES,24,12/21/2010 15:43,0.55,12515,Italy
539752,22938,CUPCAKE LACE PAPER SET 6,12,12/21/2010 15:43,1.95,12515,Italy
539752,21108,FAIRY CAKE FLANNEL ASSORTED COLOUR,9,12/21/2010 15:43,2.55,12515,Italy
539752,22697,GREEN REGENCY TEACUP AND SAUCER,6,12/21/2010 15:43,2.95,12515,Italy
539752,POST,POSTAGE,3,12/21/2010 15:43,35,12515,Italy
C540129,22352,LUNCH BOX WITH CUTLERY RETROSPOT ,-3,1/5/2011 10:46,2.55,12578,Italy
541115,84378,SET OF 3 HEART COOKIE CUTTERS,24,1/13/2011 15:34,1.25,12578,Italy
541115,22301,COFFEE MUG CAT + BIRD DESIGN,12,1/13/2011 15:34,2.55,12578,Italy
541115,22300,COFFEE MUG DOG + BALL DESIGN,12,1/13/2011 15:34,2.55,12578,Italy
541115,22350,ILLUSTRATED CAT BOWL ,12,1/13/2011 15:34,2.55,12578,Italy
541115,22349,DOG BOWL CHASING BALL DESIGN,12,1/13/2011 15:34,3.75,12578,Italy
541115,22659,LUNCH BOX I LOVE LONDON,12,1/13/2011 15:34,1.95,12578,Italy
541115,22630,DOLLY GIRL LUNCH BOX,12,1/13/2011 15:34,1.95,12578,Italy
541115,22631,CIRCUS PARADE LUNCH BOX ,12,1/13/2011 15:34,1.95,12578,Italy
541115,22629,SPACEBOY LUNCH BOX ,12,1/13/2011 15:34,1.95,12578,Italy
541115,22190,LOCAL CAFE MUG,12,1/13/2011 15:34,2.1,12578,Italy
541115,22348,TEA BAG PLATE RED RETROSPOT,24,1/13/2011 15:34,0.85,12578,Italy
541115,22352,LUNCH BOX WITH CUTLERY RETROSPOT ,12,1/13/2011 15:34,2.55,12578,Italy
541115,22328,ROUND SNACK BOXES SET OF 4 FRUITS ,6,1/13/2011 15:34,2.95,12578,Italy
541115,22135,MINI LADLE LOVE HEART PINK,12,1/13/2011 15:34,0.42,12578,Italy
541115,22134,MINI LADLE LOVE HEART RED ,24,1/13/2011 15:34,0.42,12578,Italy
541115,22558,CLOTHES PEGS RETROSPOT PACK 24 ,24,1/13/2011 15:34,1.49,12578,Italy
541115,22365,DOORMAT RESPECTABLE HOUSE,2,1/13/2011 15:34,7.95,12578,Italy
541115,48184,DOORMAT ENGLISH ROSE ,2,1/13/2011 15:34,7.95,12578,Italy
541115,22366,DOORMAT AIRMAIL ,4,1/13/2011 15:34,7.95,12578,Italy
541115,21775,DECORATIVE FLORE BATHROOM BOTTLE,12,1/13/2011 15:34,1.25,12578,Italy
541115,21774,DECORATIVE CATS BATHROOM BOTTLE,12,1/13/2011 15:34,1.25,12578,Italy
541115,22494,EMERGENCY FIRST AID TIN ,12,1/13/2011 15:34,1.25,12578,Italy
541115,21906,PHARMACIE FIRST AID TIN,6,1/13/2011 15:34,6.75,12578,Italy
541115,21260,FIRST AID TIN,6,1/13/2011 15:34,3.25,12578,Italy
541115,POST,POSTAGE,7,1/13/2011 15:34,28,12578,Italy
541115,22471,TV DINNER TRAY AIR HOSTESS ,3,1/13/2011 15:34,4.95,12578,Italy
541115,22314,OFFICE MUG WARMER CHOC+BLUE,12,1/13/2011 15:34,2.95,12578,Italy
541115,22313,OFFICE MUG WARMER PINK,12,1/13/2011 15:34,2.95,12578,Italy
541115,22312,OFFICE MUG WARMER POLKADOT,6,1/13/2011 15:34,2.95,12578,Italy
541115,22311,OFFICE MUG WARMER BLACK+SILVER ,6,1/13/2011 15:34,2.95,12578,Italy
541115,22433,WATERING CAN GREEN DINOSAUR,12,1/13/2011 15:34,1.95,12578,Italy
541115,22431,WATERING CAN BLUE ELEPHANT,12,1/13/2011 15:34,1.95,12578,Italy
541115,22444,GROW YOUR OWN PLANT IN A CAN ,24,1/13/2011 15:34,1.25,12578,Italy
541115,22525,CHILDRENS GARDEN GLOVES PINK,12,1/13/2011 15:34,1.25,12578,Italy
541115,22524,CHILDRENS GARDEN GLOVES BLUE,12,1/13/2011 15:34,1.25,12578,Italy
541115,22521,CHILDS GARDEN TROWEL PINK,12,1/13/2011 15:34,0.85,12578,Italy
541115,22520,CHILDS GARDEN TROWEL BLUE ,12,1/13/2011 15:34,0.85,12578,Italy
541115,22523,CHILDS GARDEN FORK PINK,12,1/13/2011 15:34,0.85,12578,Italy
541115,22522,CHILDS GARDEN FORK BLUE ,12,1/13/2011 15:34,0.85,12578,Italy
541115,22515,CHILDS GARDEN SPADE PINK,6,1/13/2011 15:34,2.1,12578,Italy
541115,22514,CHILDS GARDEN SPADE BLUE,6,1/13/2011 15:34,2.1,12578,Italy
541115,22519,CHILDS GARDEN BRUSH PINK,6,1/13/2011 15:34,2.1,12578,Italy
541115,22518,CHILDS GARDEN BRUSH BLUE,6,1/13/2011 15:34,2.1,12578,Italy
541115,22517,CHILDS GARDEN RAKE PINK,6,1/13/2011 15:34,2.1,12578,Italy
541115,22516,CHILDS GARDEN RAKE BLUE,6,1/13/2011 15:34,2.1,12578,Italy
541115,22556,PLASTERS IN TIN CIRCUS PARADE ,12,1/13/2011 15:34,1.65,12578,Italy
541115,22554,PLASTERS IN TIN WOODLAND ANIMALS,12,1/13/2011 15:34,1.65,12578,Italy
541115,21561,DINOSAUR LUNCH BOX WITH CUTLERY,6,1/13/2011 15:34,2.55,12578,Italy
541115,21559,STRAWBERRY LUNCH BOX WITH CUTLERY,6,1/13/2011 15:34,2.55,12578,Italy
541115,22472,TV DINNER TRAY DOLLY GIRL,3,1/13/2011 15:34,4.95,12578,Italy
541115,22474,SPACEBOY TV DINNER TRAY,3,1/13/2011 15:34,4.95,12578,Italy
541115,22272,FELTCRAFT DOLL MARIA,6,1/13/2011 15:34,2.95,12578,Italy
541115,22273,FELTCRAFT DOLL MOLLY,6,1/13/2011 15:34,2.95,12578,Italy
541115,22271,FELTCRAFT DOLL ROSIE,6,1/13/2011 15:34,2.95,12578,Italy
541115,22113,GREY HEART HOT WATER BOTTLE,8,1/13/2011 15:34,3.75,12578,Italy
541115,22111,SCOTTIE DOG HOT WATER BOTTLE,8,1/13/2011 15:34,4.95,12578,Italy
541115,21485,RETROSPOT HEART HOT WATER BOTTLE,6,1/13/2011 15:34,4.95,12578,Italy
541115,22099,CARAVAN SQUARE TISSUE BOX,12,1/13/2011 15:34,1.25,12578,Italy
541115,22098,BOUDOIR SQUARE TISSUE BOX,12,1/13/2011 15:34,1.25,12578,Italy
541115,20725,LUNCH BAG RED RETROSPOT,10,1/13/2011 15:34,1.65,12578,Italy
541115,85178,VICTORIAN SEWING KIT,12,1/13/2011 15:34,1.25,12578,Italy
541115,21787,RAIN PONCHO RETROSPOT,24,1/13/2011 15:34,0.85,12578,Italy
541115,21786,POLKADOT RAIN HAT ,24,1/13/2011 15:34,0.42,12578,Italy
541115,15060B,FAIRY CAKE DESIGN UMBRELLA,4,1/13/2011 15:34,3.75,12578,Italy
541115,22379,RECYCLING BAG RETROSPOT ,5,1/13/2011 15:34,2.1,12578,Italy
541115,21936,RED RETROSPOT PICNIC BAG,5,1/13/2011 15:34,2.95,12578,Italy
541115,21844,RED RETROSPOT MUG,12,1/13/2011 15:34,2.95,12578,Italy
541115,22310,IVORY KNITTED MUG COSY ,18,1/13/2011 15:34,1.65,12578,Italy
541115,84828,JUNGLE POPSICLES ICE LOLLY HOLDERS,12,1/13/2011 15:34,1.25,12578,Italy
541115,84380,SET OF 3 BUTTERFLY COOKIE CUTTERS,24,1/13/2011 15:34,1.25,12578,Italy
541703,20728,LUNCH BAG CARS BLUE,20,1/21/2011 9:52,1.65,12594,Italy
541703,20726,LUNCH BAG WOODLAND,20,1/21/2011 9:52,1.65,12594,Italy
541703,22466,FAIRY TALE COTTAGE NIGHTLIGHT,12,1/21/2011 9:52,1.95,12594,Italy
541703,22139,RETROSPOT TEA SET CERAMIC 11 PC ,6,1/21/2011 9:52,4.95,12594,Italy
541703,21365,MIRRORED WALL ART STARS,12,1/21/2011 9:52,2.95,12594,Italy
541703,21371,MIRRORED WALL ART POPPIES,12,1/21/2011 9:52,2.55,12594,Italy
541703,22549,PICTURE DOMINOES,12,1/21/2011 9:52,1.45,12594,Italy
541703,22380,TOY TIDY SPACEBOY  ,10,1/21/2011 9:52,2.1,12594,Italy
541703,22381,TOY TIDY PINK POLKADOT,10,1/21/2011 9:52,2.1,12594,Italy
541703,22379,RECYCLING BAG RETROSPOT ,5,1/21/2011 9:52,2.1,12594,Italy
541703,71270,PHOTO CLIP LINE,24,1/21/2011 9:52,1.25,12594,Italy
541703,POST,POSTAGE,2,1/21/2011 9:52,28,12594,Italy
542238,47580,TEA TIME DES TEA COSY,6,1/26/2011 14:35,2.55,12591,Italy
542238,22261,FELT EGG COSY WHITE RABBIT ,12,1/26/2011 14:35,0.85,12591,Italy
542238,22260,FELT EGG COSY BLUE RABBIT ,12,1/26/2011 14:35,0.85,12591,Italy
542238,22066,LOVE HEART TRINKET POT,12,1/26/2011 14:35,1.45,12591,Italy
542238,22611,VINTAGE UNION JACK SHOPPING BAG,3,1/26/2011 14:35,4.95,12591,Italy
542238,22961,JAM MAKING SET PRINTED,12,1/26/2011 14:35,1.45,12591,Italy
542238,22222,CAKE PLATE LOVEBIRD WHITE,3,1/26/2011 14:35,4.95,12591,Italy
542238,22890,NOVELTY BISCUITS CAKE STAND 3 TIER,2,1/26/2011 14:35,9.95,12591,Italy
542238,22956,36 FOIL HEART CAKE CASES,6,1/26/2011 14:35,2.1,12591,Italy
542238,21068,VINTAGE BILLBOARD LOVE/HATE MUG,12,1/26/2011 14:35,1.25,12591,Italy
542238,84050,PINK HEART SHAPE EGG FRYING PAN,6,1/26/2011 14:35,1.65,12591,Italy
542238,84988,SET OF 72 PINK HEART PAPER DOILIES,24,1/26/2011 14:35,1.45,12591,Italy
542238,84992,72 SWEETHEART FAIRY CAKE CASES,24,1/26/2011 14:35,0.55,12591,Italy
542238,22937,BAKING MOULD CHOCOLATE CUPCAKES,6,1/26/2011 14:35,2.55,12591,Italy
542238,22667,RECIPE BOX RETROSPOT ,6,1/26/2011 14:35,2.95,12591,Italy
542238,22131,FOOD CONTAINER SET 3 LOVE HEART ,6,1/26/2011 14:35,1.95,12591,Italy
542238,22133,PINK LOVE HEART SHAPE CUP,12,1/26/2011 14:35,0.85,12591,Italy
542238,22132,RED LOVE HEART SHAPE CUP,12,1/26/2011 14:35,0.85,12591,Italy
542238,22364,GLASS JAR DIGESTIVE BISCUITS,6,1/26/2011 14:35,2.95,12591,Italy
542238,22363,GLASS JAR MARMALADE ,6,1/26/2011 14:35,2.95,12591,Italy
542238,22923,FRIDGE MAGNETS LES ENFANTS ASSORTED,12,1/26/2011 14:35,0.85,12591,Italy
542238,22922,FRIDGE MAGNETS US DINER ASSORTED,12,1/26/2011 14:35,0.85,12591,Italy
542238,22079,RIBBON REEL HEARTS DESIGN ,10,1/26/2011 14:35,1.65,12591,Italy
542238,22776,SWEETHEART CAKESTAND 3 TIER,1,1/26/2011 14:35,9.95,12591,Italy
542238,POST,POSTAGE,3,1/26/2011 14:35,28,12591,Italy
542238,21524,DOORMAT SPOTTY HOME SWEET HOME,2,1/26/2011 14:35,7.95,12591,Italy
C542273,21936,RED RETROSPOT PICNIC BAG,-2,1/27/2011 10:01,2.95,12578,Italy
C542273,22099,CARAVAN SQUARE TISSUE BOX,-9,1/27/2011 10:01,1.25,12578,Italy
C542273,20980,36 PENCILS TUBE POSY,-9,1/27/2011 10:01,1.25,12578,Italy
C542273,22301,COFFEE MUG CAT + BIRD DESIGN,-1,1/27/2011 10:01,2.55,12578,Italy
C542273,22300,COFFEE MUG DOG + BALL DESIGN,-1,1/27/2011 10:01,2.55,12578,Italy
C543743,M,Manual,-1,2/11/2011 13:39,4.5,12505,Italy
544399,22381,TOY TIDY PINK POLKADOT,10,2/18/2011 12:28,2.1,12594,Italy
544399,84375,SET OF 20 KIDS COOKIE CUTTERS,12,2/18/2011 12:28,2.1,12594,Italy
544399,22380,TOY TIDY SPACEBOY  ,10,2/18/2011 12:28,2.1,12594,Italy
544399,22556,PLASTERS IN TIN CIRCUS PARADE ,12,2/18/2011 12:28,1.65,12594,Italy
544399,22898,CHILDRENS APRON APPLES DESIGN,8,2/18/2011 12:28,1.95,12594,Italy
544399,22379,RECYCLING BAG RETROSPOT ,10,2/18/2011 12:28,2.1,12594,Italy
544399,22584,PACK OF 6 PANNETONE GIFT BOXES,6,2/18/2011 12:28,2.55,12594,Italy
544399,22583,PACK OF 6 HANDBAG GIFT BOXES,6,2/18/2011 12:28,2.55,12594,Italy
544399,22582,PACK OF 6 SWEETIE GIFT BOXES,6,2/18/2011 12:28,2.55,12594,Italy
544399,20712,JUMBO BAG WOODLAND ANIMALS,10,2/18/2011 12:28,1.95,12594,Italy
544399,20713,JUMBO BAG OWLS,10,2/18/2011 12:28,1.95,12594,Italy
544399,20711,JUMBO BAG TOYS ,10,2/18/2011 12:28,1.95,12594,Italy
544399,POST,POSTAGE,1,2/18/2011 12:28,28,12594,Italy
545664,21754,HOME BUILDING BLOCK WORD,3,3/4/2011 15:15,5.95,12584,Italy
545664,21260,FIRST AID TIN,6,3/4/2011 15:15,3.25,12584,Italy
545664,22848,BREAD BIN DINER STYLE PINK,1,3/4/2011 15:15,16.95,12584,Italy
545664,84849B,FAIRY SOAP SOAP HOLDER,12,3/4/2011 15:15,1.69,12584,Italy
545664,21624,VINTAGE UNION JACK DOORSTOP,3,3/4/2011 15:15,5.95,12584,Italy
545664,21623,VINTAGE UNION JACK MEMOBOARD,2,3/4/2011 15:15,9.95,12584,Italy
545664,48138,DOORMAT UNION FLAG,2,3/4/2011 15:15,7.95,12584,Italy
545664,21622,VINTAGE UNION JACK CUSHION COVER,12,3/4/2011 15:15,4.95,12584,Italy
545664,21524,DOORMAT SPOTTY HOME SWEET HOME,2,3/4/2011 15:15,7.95,12584,Italy
545664,22366,DOORMAT AIRMAIL ,2,3/4/2011 15:15,7.95,12584,Italy
545664,22692,DOORMAT WELCOME TO OUR HOME,2,3/4/2011 15:15,7.95,12584,Italy
545664,22722,SET OF 6 SPICE TINS PANTRY DESIGN,8,3/4/2011 15:15,3.95,12584,Italy
545664,22720,SET OF 3 CAKE TINS PANTRY DESIGN ,6,3/4/2011 15:15,4.95,12584,Italy
545664,21756,BATH BUILDING BLOCK WORD,3,3/4/2011 15:15,5.95,12584,Italy
545664,22667,RECIPE BOX RETROSPOT ,12,3/4/2011 15:15,2.95,12584,Italy
545664,21217,RED RETROSPOT ROUND CAKE TINS,1,3/4/2011 15:15,9.95,12584,Italy
545664,21216,"SET 3 RETROSPOT TEA,COFFEE,SUGAR",4,3/4/2011 15:15,4.95,12584,Italy
545664,POST,POSTAGE,3,3/4/2011 15:15,28,12584,Italy
C546501,22720,SET OF 3 CAKE TINS PANTRY DESIGN ,-2,3/14/2011 11:45,4.95,12584,Italy
546875,21754,HOME BUILDING BLOCK WORD,6,3/17/2011 16:38,5.95,12514,Italy
546875,21756,BATH BUILDING BLOCK WORD,6,3/17/2011 16:38,5.95,12514,Italy
546875,22485,SET OF 2 WOODEN MARKET CRATES,2,3/17/2011 16:38,12.75,12514,Italy
546875,22120,WELCOME  WOODEN BLOCK LETTERS,6,3/17/2011 16:38,9.95,12514,Italy
546875,22283,6 EGG HOUSE PAINTED WOOD,4,3/17/2011 16:38,7.95,12514,Italy
546875,22282,12 EGG HOUSE PAINTED WOOD,2,3/17/2011 16:38,12.75,12514,Italy
546875,22859,EASTER TIN BUNNY BOUQUET,6,3/17/2011 16:38,1.65,12514,Italy
546875,22858,EASTER TIN KEEPSAKE,6,3/17/2011 16:38,1.65,12514,Italy
546875,22860,EASTER TIN CHICKS PINK DAISY,6,3/17/2011 16:38,1.65,12514,Italy
546875,22861,EASTER TIN CHICKS IN GARDEN,6,3/17/2011 16:38,1.65,12514,Italy
546875,22630,DOLLY GIRL LUNCH BOX,12,3/17/2011 16:38,1.95,12514,Italy
546875,22629,SPACEBOY LUNCH BOX ,12,3/17/2011 16:38,1.95,12514,Italy
546875,22635,CHILDS BREAKFAST SET DOLLY GIRL ,4,3/17/2011 16:38,9.95,12514,Italy
546875,22634,CHILDS BREAKFAST SET SPACEBOY ,4,3/17/2011 16:38,9.95,12514,Italy
546875,22551,PLASTERS IN TIN SPACEBOY,12,3/17/2011 16:38,1.65,12514,Italy
546875,21430,SET/3 RED GINGHAM ROSE STORAGE BOX,6,3/17/2011 16:38,3.75,12514,Italy
546875,21428,SET3 BOOK BOX GREEN GINGHAM FLOWER ,4,3/17/2011 16:38,4.25,12514,Italy
546875,20749,ASSORTED COLOUR MINI CASES,2,3/17/2011 16:38,7.95,12514,Italy
546875,22384,LUNCH BAG PINK POLKADOT,10,3/17/2011 16:38,1.65,12514,Italy
546875,20726,LUNCH BAG WOODLAND,10,3/17/2011 16:38,1.65,12514,Italy
546875,20725,LUNCH BAG RED RETROSPOT,10,3/17/2011 16:38,1.65,12514,Italy
546875,22383,LUNCH BAG SUKI  DESIGN ,10,3/17/2011 16:38,1.65,12514,Italy
546875,22662,LUNCH BAG DOLLY GIRL DESIGN,10,3/17/2011 16:38,1.65,12514,Italy
546875,20728,LUNCH BAG CARS BLUE,10,3/17/2011 16:38,1.65,12514,Italy
546875,22382,LUNCH BAG SPACEBOY DESIGN ,10,3/17/2011 16:38,1.65,12514,Italy
546875,20723,STRAWBERRY CHARLOTTE BAG,10,3/17/2011 16:38,0.85,12514,Italy
546875,22661,CHARLOTTE BAG DOLLY GIRL DESIGN,10,3/17/2011 16:38,0.85,12514,Italy
546875,22355,CHARLOTTE BAG SUKI DESIGN,10,3/17/2011 16:38,0.85,12514,Italy
546875,22356,CHARLOTTE BAG PINK POLKADOT,10,3/17/2011 16:38,0.85,12514,Italy
546875,20724,RED RETROSPOT CHARLOTTE BAG,10,3/17/2011 16:38,0.85,12514,Italy
546875,20719,WOODLAND CHARLOTTE BAG,10,3/17/2011 16:38,0.85,12514,Italy
546875,21165,BEWARE OF THE CAT METAL SIGN ,12,3/17/2011 16:38,1.69,12514,Italy
546875,22357,KINGS CHOICE BISCUIT TIN,4,3/17/2011 16:38,4.25,12514,Italy
546875,22659,LUNCH BOX I LOVE LONDON,12,3/17/2011 16:38,1.95,12514,Italy
546875,22902,TOTE BAG I LOVE LONDON,12,3/17/2011 16:38,2.1,12514,Italy
546875,22971,QUEENS GUARD COFFEE MUG,6,3/17/2011 16:38,2.55,12514,Italy
546875,23177,TREASURE ISLAND BOOK BOX,8,3/17/2011 16:38,2.25,12514,Italy
546875,23194,GYMKHANNA TREASURE BOOK BOX,8,3/17/2011 16:38,2.25,12514,Italy
546875,23193,BUFFALO BILL TREASURE BOOK BOX,8,3/17/2011 16:38,2.25,12514,Italy
546875,23176,ABC TREASURE BOOK BOX ,8,3/17/2011 16:38,2.25,12514,Italy
546875,22405,MONEY BOX POCKET MONEY DESIGN,12,3/17/2011 16:38,1.25,12514,Italy
546875,22409,MONEY BOX BISCUITS DESIGN,12,3/17/2011 16:38,1.25,12514,Italy
546875,22561,WOODEN SCHOOL COLOURING SET,12,3/17/2011 16:38,1.65,12514,Italy
546875,22721,SET OF 3 CAKE TINS SKETCHBOOK,6,3/17/2011 16:38,4.95,12514,Italy
546875,37370,RETRO COFFEE MUGS ASSORTED,12,3/17/2011 16:38,1.25,12514,Italy
546875,21700,BIG DOUGHNUT FRIDGE MAGNETS,24,3/17/2011 16:38,0.85,12514,Italy
546875,22922,FRIDGE MAGNETS US DINER ASSORTED,12,3/17/2011 16:38,0.85,12514,Italy
546875,22923,FRIDGE MAGNETS LES ENFANTS ASSORTED,12,3/17/2011 16:38,0.85,12514,Italy
546875,22924,FRIDGE MAGNETS LA VIE EN ROSE,12,3/17/2011 16:38,0.85,12514,Italy
546875,22119,PEACE WOODEN BLOCK LETTERS,6,3/17/2011 16:38,6.95,12514,Italy
546875,21755,LOVE BUILDING BLOCK WORD,6,3/17/2011 16:38,5.95,12514,Italy
547914,22139,RETROSPOT TEA SET CERAMIC 11 PC ,6,3/28/2011 12:35,4.95,12594,Italy
547914,22554,PLASTERS IN TIN WOODLAND ANIMALS,12,3/28/2011 12:35,1.65,12594,Italy
547914,22556,PLASTERS IN TIN CIRCUS PARADE ,12,3/28/2011 12:35,1.65,12594,Italy
547914,20719,WOODLAND CHARLOTTE BAG,30,3/28/2011 12:35,0.85,12594,Italy
547914,22326,ROUND SNACK BOXES SET OF4 WOODLAND ,12,3/28/2011 12:35,2.95,12594,Italy
547914,22466,FAIRY TALE COTTAGE NIGHTLIGHT,12,3/28/2011 12:35,1.95,12594,Italy
547914,21931,JUMBO STORAGE BAG SUKI,10,3/28/2011 12:35,1.95,12594,Italy
547914,20724,RED RETROSPOT CHARLOTTE BAG,20,3/28/2011 12:35,0.85,12594,Italy
547914,22898,CHILDRENS APRON APPLES DESIGN,16,3/28/2011 12:35,1.95,12594,Italy
547914,84375,SET OF 20 KIDS COOKIE CUTTERS,12,3/28/2011 12:35,2.1,12594,Italy
547914,22966,GINGERBREAD MAN COOKIE CUTTER,12,3/28/2011 12:35,1.25,12594,Italy
547914,23176,ABC TREASURE BOOK BOX ,8,3/28/2011 12:35,2.25,12594,Italy
547914,POST,POSTAGE,1,3/28/2011 12:35,18,12594,Italy
C547930,POST,POSTAGE,-1,3/28/2011 14:00,18,12594,Italy
547931,POST,POSTAGE,1,3/28/2011 14:01,28,12594,Italy
549233,22690,DOORMAT HOME SWEET HOME BLUE ,4,4/7/2011 11:06,7.95,14912,Italy
549233,23078,ICE CREAM PEN LIP GLOSS ,24,4/7/2011 11:06,1.25,14912,Italy
549233,22475,SKULL DESIGN TV DINNER TRAY,3,4/7/2011 11:06,4.95,14912,Italy
549233,22243,5 HOOK HANGER RED MAGIC TOADSTOOL,12,4/7/2011 11:06,1.65,14912,Italy
549233,22558,CLOTHES PEGS RETROSPOT PACK 24 ,12,4/7/2011 11:06,1.49,14912,Italy
549233,21164,HOME SWEET HOME METAL SIGN ,6,4/7/2011 11:06,2.95,14912,Italy
549233,21169,YOU'RE CONFUSING ME METAL SIGN ,12,4/7/2011 11:06,1.69,14912,Italy
549233,23155,KNICKERBOCKERGLORY MAGNET ASSORTED ,24,4/7/2011 11:06,0.83,14912,Italy
549233,23156,SET OF 5 MINI GROCERY MAGNETS,12,4/7/2011 11:06,2.08,14912,Italy
549233,22197,SMALL POPCORN HOLDER,48,4/7/2011 11:06,0.85,14912,Italy
549233,51014L,"FEATHER PEN,LIGHT PINK",48,4/7/2011 11:06,0.85,14912,Italy
549233,51014A,"FEATHER PEN,HOT PINK",96,4/7/2011 11:06,0.85,14912,Italy
549233,51014C,"FEATHER PEN,COAL BLACK",72,4/7/2011 11:06,0.85,14912,Italy
549233,21700,BIG DOUGHNUT FRIDGE MAGNETS,72,4/7/2011 11:06,0.85,14912,Italy
550606,22326,ROUND SNACK BOXES SET OF4 WOODLAND ,12,4/19/2011 12:08,2.95,12594,Italy
550606,20712,JUMBO BAG WOODLAND ANIMALS,20,4/19/2011 12:08,2.08,12594,Italy
550606,21931,JUMBO STORAGE BAG SUKI,10,4/19/2011 12:08,2.08,12594,Italy
550606,21033,JUMBO BAG CHARLIE AND LOLA TOYS,10,4/19/2011 12:08,2.08,12594,Italy
550606,20726,LUNCH BAG WOODLAND,20,4/19/2011 12:08,1.65,12594,Italy
550606,20728,LUNCH BAG CARS BLUE,20,4/19/2011 12:08,1.65,12594,Italy
550606,23206,LUNCH BAG APPLE DESIGN,20,4/19/2011 12:08,1.65,12594,Italy
550606,47593B,SCOTTIE DOGS BABY BIB,96,4/19/2011 12:08,0.39,12594,Italy
555107,20711,JUMBO BAG TOYS ,20,5/31/2011 14:14,2.08,12594,Italy
555107,21931,JUMBO STORAGE BAG SUKI,20,5/31/2011 14:14,2.08,12594,Italy
555107,21930,JUMBO STORAGE BAG SKULLS,10,5/31/2011 14:14,2.08,12594,Italy
555107,20712,JUMBO BAG WOODLAND ANIMALS,10,5/31/2011 14:14,2.08,12594,Italy
555107,23201,JUMBO BAG ALPHABET,10,5/31/2011 14:14,2.08,12594,Italy
555107,22380,TOY TIDY SPACEBOY  ,10,5/31/2011 14:14,2.1,12594,Italy
555107,22381,TOY TIDY PINK POLKADOT,10,5/31/2011 14:14,2.1,12594,Italy
555107,22379,RECYCLING BAG RETROSPOT ,10,5/31/2011 14:14,2.1,12594,Italy
555107,20724,RED RETROSPOT CHARLOTTE BAG,20,5/31/2011 14:14,0.85,12594,Italy
555107,20719,WOODLAND CHARLOTTE BAG,20,5/31/2011 14:14,0.85,12594,Italy
555107,21110,LARGE CAKE TOWEL PINK SPOTS,6,5/31/2011 14:14,6.75,12594,Italy
555107,22745,POPPY'S PLAYHOUSE BEDROOM ,6,5/31/2011 14:14,2.1,12594,Italy
555107,22748,POPPY'S PLAYHOUSE KITCHEN,6,5/31/2011 14:14,2.1,12594,Italy
555107,21055,TOOL BOX SOFT TOY ,3,5/31/2011 14:14,8.95,12594,Italy
555107,22898,CHILDRENS APRON APPLES DESIGN,8,5/31/2011 14:14,1.95,12594,Italy
555107,22326,ROUND SNACK BOXES SET OF4 WOODLAND ,6,5/31/2011 14:14,2.95,12594,Italy
555107,22328,ROUND SNACK BOXES SET OF 4 FRUITS ,6,5/31/2011 14:14,2.95,12594,Italy
555107,22549,PICTURE DOMINOES,12,5/31/2011 14:14,1.45,12594,Italy
555107,22273,FELTCRAFT DOLL MOLLY,12,5/31/2011 14:14,2.95,12594,Italy
555107,22466,FAIRY TALE COTTAGE NIGHTLIGHT,24,5/31/2011 14:14,1.95,12594,Italy
555107,23176,ABC TREASURE BOOK BOX ,8,5/31/2011 14:14,2.25,12594,Italy
555107,21249,WOODLAND  HEIGHT CHART STICKERS ,18,5/31/2011 14:14,2.95,12594,Italy
555107,22584,PACK OF 6 PANNETONE GIFT BOXES,12,5/31/2011 14:14,2.55,12594,Italy
555843,48138,DOORMAT UNION FLAG,2,6/7/2011 13:00,7.95,12584,Italy
555843,22692,DOORMAT WELCOME TO OUR HOME,2,6/7/2011 13:00,7.95,12584,Italy
555843,23284,DOORMAT KEEP CALM AND COME IN,2,6/7/2011 13:00,7.95,12584,Italy
555843,22366,DOORMAT AIRMAIL ,2,6/7/2011 13:00,7.95,12584,Italy
555843,22849,BREAD BIN DINER STYLE MINT,1,6/7/2011 13:00,16.95,12584,Italy
555843,22848,BREAD BIN DINER STYLE PINK,2,6/7/2011 13:00,16.95,12584,Italy
555843,22804,CANDLEHOLDER PINK HANGING HEART,6,6/7/2011 13:00,2.95,12584,Italy
555843,22627,MINT KITCHEN SCALES,2,6/7/2011 13:00,8.5,12584,Italy
555843,35810A,ENAMEL PINK COFFEE CONTAINER,12,6/7/2011 13:00,0.83,12584,Italy
556119,23084,RABBIT NIGHT LIGHT,24,6/9/2011 10:05,1.79,12594,Italy
C558439,22804,CANDLEHOLDER PINK HANGING HEART,-2,6/29/2011 12:53,2.95,12584,Italy
C558439,22848,BREAD BIN DINER STYLE PINK,-1,6/29/2011 12:53,16.95,12584,Italy
C558439,22849,BREAD BIN DINER STYLE MINT,-1,6/29/2011 12:53,16.95,12584,Italy
561259,22627,MINT KITCHEN SCALES,2,7/26/2011 12:04,8.5,12584,Italy
561259,22844,VINTAGE CREAM DOG FOOD CONTAINER,2,7/26/2011 12:04,8.5,12584,Italy
561259,21533,RETROSPOT LARGE MILK JUG,3,7/26/2011 12:04,4.95,12584,Italy
561259,23243,SET OF TEA COFFEE SUGAR TINS PANTRY,4,7/26/2011 12:04,4.95,12584,Italy
561259,22848,BREAD BIN DINER STYLE PINK,2,7/26/2011 12:04,16.95,12584,Italy
561259,22720,SET OF 3 CAKE TINS PANTRY DESIGN ,9,7/26/2011 12:04,4.95,12584,Italy
C562423,22720,SET OF 3 CAKE TINS PANTRY DESIGN ,-2,8/4/2011 17:06,4.95,12584,Italy
C562423,22627,MINT KITCHEN SCALES,-2,8/4/2011 17:06,8.5,12584,Italy
C562423,22423,REGENCY CAKESTAND 3 TIER,-1,8/4/2011 17:06,12.75,12584,Italy
562424,22423,REGENCY CAKESTAND 3 TIER,1,8/4/2011 17:07,12.75,12584,Italy
C562425,23243,SET OF TEA COFFEE SUGAR TINS PANTRY,-1,8/4/2011 17:08,4.95,12584,Italy
562528,22993,SET OF 4 PANTRY JELLY MOULDS,12,8/5/2011 13:52,1.25,12610,Italy
562528,23231,WRAP DOILEY DESIGN,25,8/5/2011 13:52,0.42,12610,Italy
562528,16161P,WRAP ENGLISH ROSE ,25,8/5/2011 13:52,0.42,12610,Italy
562528,22710,WRAP I LOVE LONDON ,25,8/5/2011 13:52,0.42,12610,Italy
562528,21497,FANCY FONTS BIRTHDAY WRAP,25,8/5/2011 13:52,0.42,12610,Italy
562528,22813,PACK 3 BOXES BIRD PANNETONE ,12,8/5/2011 13:52,1.95,12610,Italy
562528,22149,FELTCRAFT 6 FLOWER FRIENDS,6,8/5/2011 13:52,2.1,12610,Italy
562528,22605,WOODEN CROQUET GARDEN SET,1,8/5/2011 13:52,14.95,12610,Italy
562528,22139,RETROSPOT TEA SET CERAMIC 11 PC ,3,8/5/2011 13:52,4.95,12610,Italy
562528,22138,BAKING SET 9 PIECE RETROSPOT ,3,8/5/2011 13:52,4.95,12610,Italy
562528,22553,PLASTERS IN TIN SKULLS,12,8/5/2011 13:52,1.65,12610,Italy
562528,22617,BAKING SET SPACEBOY DESIGN,3,8/5/2011 13:52,4.95,12610,Italy
562528,23008,DOLLY GIRL BABY GIFT SET,1,8/5/2011 13:52,16.95,12610,Italy
562528,23010,CIRCUS PARADE BABY GIFT SET,1,8/5/2011 13:52,16.95,12610,Italy
562528,23009,I LOVE LONDON BABY GIFT SET,1,8/5/2011 13:52,16.95,12610,Italy
562528,21934,SKULL SHOULDER BAG,20,8/5/2011 13:52,1.65,12610,Italy
562528,20749,ASSORTED COLOUR MINI CASES,2,8/5/2011 13:52,7.95,12610,Italy
562528,22377,BOTTLE BAG RETROSPOT ,5,8/5/2011 13:52,2.1,12610,Italy
562528,22379,RECYCLING BAG RETROSPOT ,5,8/5/2011 13:52,2.1,12610,Italy
562528,20718,RED RETROSPOT SHOPPER BAG,10,8/5/2011 13:52,1.25,12610,Italy
562528,85163A,WHITE BAROQUE WALL CLOCK ,1,8/5/2011 13:52,12.75,12610,Italy
562528,23243,SET OF TEA COFFEE SUGAR TINS PANTRY,4,8/5/2011 13:52,4.95,12610,Italy
562528,20971,PINK BLUE FELT CRAFT TRINKET BOX,12,8/5/2011 13:52,1.25,12610,Italy
562528,20972,PINK CREAM FELT CRAFT TRINKET BOX ,12,8/5/2011 13:52,1.25,12610,Italy
562528,23126,FELTCRAFT GIRL AMELIE KIT,4,8/5/2011 13:52,4.95,12610,Italy
562528,22750,FELTCRAFT PRINCESS LOLA DOLL,4,8/5/2011 13:52,3.75,12610,Italy
562528,22749,FELTCRAFT PRINCESS CHARLOTTE DOLL,4,8/5/2011 13:52,3.75,12610,Italy
562528,22621,TRADITIONAL KNITTING NANCY,12,8/5/2011 13:52,1.65,12610,Italy
562528,22568,FELTCRAFT CUSHION OWL,4,8/5/2011 13:52,3.75,12610,Italy
562528,21987,PACK OF 6 SKULL PAPER CUPS,12,8/5/2011 13:52,0.65,12610,Italy
562528,21086,SET/6 RED SPOTTY PAPER CUPS,12,8/5/2011 13:52,0.65,12610,Italy
562528,21988,PACK OF 6 SKULL PAPER PLATES,12,8/5/2011 13:52,0.85,12610,Italy
562528,21094,SET/6 RED SPOTTY PAPER PLATES,12,8/5/2011 13:52,0.85,12610,Italy
562528,21080,SET/20 RED RETROSPOT PAPER NAPKINS ,12,8/5/2011 13:52,0.85,12610,Italy
562528,21989,PACK OF 20 SKULL PAPER NAPKINS,12,8/5/2011 13:52,0.85,12610,Italy
562528,21936,RED RETROSPOT PICNIC BAG,5,8/5/2011 13:52,2.95,12610,Italy
562528,22776,SWEETHEART CAKESTAND 3 TIER,1,8/5/2011 13:52,9.95,12610,Italy
562528,22584,PACK OF 6 PANNETONE GIFT BOXES,6,8/5/2011 13:52,2.55,12610,Italy
562528,22583,PACK OF 6 HANDBAG GIFT BOXES,6,8/5/2011 13:52,2.55,12610,Italy
562528,23226,FILIGREE HEART DAISY WHITE,24,8/5/2011 13:52,1.25,12610,Italy
562528,22297,HEART IVORY TRELLIS SMALL,24,8/5/2011 13:52,1.25,12610,Italy
562528,82484,WOOD BLACK BOARD ANT WHITE FINISH,2,8/5/2011 13:52,7.95,12610,Italy
562528,82486,WOOD S/3 CABINET ANT WHITE FINISH,2,8/5/2011 13:52,8.95,12610,Italy
562528,85066,CREAM SWEETHEART MINI CHEST,2,8/5/2011 13:52,12.75,12610,Italy
562528,85123A,WHITE HANGING HEART T-LIGHT HOLDER,6,8/5/2011 13:52,2.95,12610,Italy
562528,22784,LANTERN CREAM GAZEBO ,3,8/5/2011 13:52,4.95,12610,Italy
562528,22961,JAM MAKING SET PRINTED,12,8/5/2011 13:52,1.45,12610,Italy
562528,22742,MAKE YOUR OWN PLAYTIME CARD KIT,6,8/5/2011 13:52,2.95,12610,Italy
562528,22743,MAKE YOUR OWN FLOWERPOWER CARD KIT,6,8/5/2011 13:52,2.95,12610,Italy
562528,22744,MAKE YOUR OWN MONSOON CARD KIT,6,8/5/2011 13:52,2.95,12610,Italy
562528,22654,DELUXE SEWING KIT ,3,8/5/2011 13:52,5.95,12610,Italy
562528,22423,REGENCY CAKESTAND 3 TIER,1,8/5/2011 13:52,12.75,12610,Italy
562528,22969,HOMEMADE JAM SCENTED CANDLES,12,8/5/2011 13:52,1.45,12610,Italy
562528,POST,POSTAGE,4,8/5/2011 13:52,28,12610,Italy
562922,20728,LUNCH BAG CARS BLUE,20,8/10/2011 14:26,1.65,12594,Italy
562922,20726,LUNCH BAG WOODLAND,20,8/10/2011 14:26,1.65,12594,Italy
562922,22139,RETROSPOT TEA SET CERAMIC 11 PC ,9,8/10/2011 14:26,4.95,12594,Italy
562922,22966,GINGERBREAD MAN COOKIE CUTTER,12,8/10/2011 14:26,1.25,12594,Italy
562922,84375,SET OF 20 KIDS COOKIE CUTTERS,12,8/10/2011 14:26,2.1,12594,Italy
562922,22939,APRON APPLE DELIGHT,12,8/10/2011 14:26,4.95,12594,Italy
562922,22554,PLASTERS IN TIN WOODLAND ANIMALS,12,8/10/2011 14:26,1.65,12594,Italy
562922,22556,PLASTERS IN TIN CIRCUS PARADE ,12,8/10/2011 14:26,1.65,12594,Italy
562922,22466,FAIRY TALE COTTAGE NIGHTLIGHT,24,8/10/2011 14:26,1.95,12594,Italy
562922,22549,PICTURE DOMINOES,24,8/10/2011 14:26,1.45,12594,Italy
562922,21365,MIRRORED WALL ART STARS,48,8/10/2011 14:26,0.75,12594,Italy
562922,21249,WOODLAND  HEIGHT CHART STICKERS ,30,8/10/2011 14:26,2.55,12594,Italy
562922,71270,PHOTO CLIP LINE,24,8/10/2011 14:26,1.25,12594,Italy
562922,22380,TOY TIDY SPACEBOY  ,10,8/10/2011 14:26,2.1,12594,Italy
562922,22381,TOY TIDY PINK POLKADOT,10,8/10/2011 14:26,2.1,12594,Italy
562922,21986,PACK OF 12 PINK POLKADOT TISSUES,24,8/10/2011 14:26,0.29,12594,Italy
562922,21980,PACK OF 12 RED RETROSPOT TISSUES ,24,8/10/2011 14:26,0.29,12594,Italy
562922,22898,CHILDRENS APRON APPLES DESIGN,8,8/10/2011 14:26,1.95,12594,Italy
562922,21371,MIRRORED WALL ART POPPIES,48,8/10/2011 14:26,0.75,12594,Italy
562922,21306,SET/4 DAISY MIRROR MAGNETS,72,8/10/2011 14:26,0.29,12594,Italy
562922,23206,LUNCH BAG APPLE DESIGN,30,8/10/2011 14:26,1.65,12594,Italy
562922,85132C,CHARLIE AND LOLA FIGURES TINS,36,8/10/2011 14:26,1.95,12594,Italy
C562969,22568,FELTCRAFT CUSHION OWL,-1,8/11/2011 10:58,3.75,12610,Italy
C562969,21987,PACK OF 6 SKULL PAPER CUPS,-12,8/11/2011 10:58,0.65,12610,Italy
564476,22771,CLEAR DRAWER KNOB ACRYLIC EDWARDIAN,12,8/25/2011 12:57,1.25,12610,Italy
564476,21671,RED SPOT CERAMIC DRAWER KNOB,12,8/25/2011 12:57,1.25,12610,Italy
564476,23028,DRAWER KNOB CRACKLE GLAZE BLUE,6,8/25/2011 12:57,1.65,12610,Italy
564476,23029,DRAWER KNOB CRACKLE GLAZE GREEN,6,8/25/2011 12:57,1.65,12610,Italy
564476,22772,PINK DRAWER KNOB ACRYLIC EDWARDIAN,12,8/25/2011 12:57,1.25,12610,Italy
564476,21213,PACK OF 72 SKULL CAKE CASES,24,8/25/2011 12:57,0.55,12610,Italy
564476,21212,PACK OF 72 RETROSPOT CAKE CASES,24,8/25/2011 12:57,0.55,12610,Italy
564476,22437,SET OF 9 BLACK SKULL BALLOONS,20,8/25/2011 12:57,0.85,12610,Italy
564476,23108,SET OF 10 LED DOLLY LIGHTS,2,8/25/2011 12:57,6.25,12610,Italy
564476,23142,IVORY WIRE KITCHEN ORGANISER,1,8/25/2011 12:57,10.4,12610,Italy
564476,22776,SWEETHEART CAKESTAND 3 TIER,1,8/25/2011 12:57,9.95,12610,Italy
564476,22189,CREAM HEART CARD HOLDER,4,8/25/2011 12:57,3.95,12610,Italy
564476,21340,CLASSIC METAL BIRDCAGE PLANT HOLDER,1,8/25/2011 12:57,12.75,12610,Italy
564476,85123A,WHITE HANGING HEART T-LIGHT HOLDER,12,8/25/2011 12:57,2.95,12610,Italy
564476,22784,LANTERN CREAM GAZEBO ,6,8/25/2011 12:57,4.95,12610,Italy
564476,22464,HANGING METAL HEART LANTERN,12,8/25/2011 12:57,1.65,12610,Italy
564476,22178,VICTORIAN GLASS HANGING T-LIGHT,12,8/25/2011 12:57,1.25,12610,Italy
564476,POST,POSTAGE,1,8/25/2011 12:57,40,12610,Italy
567478,21524,DOORMAT SPOTTY HOME SWEET HOME,2,9/20/2011 13:21,8.25,12584,Italy
567478,48138,DOORMAT UNION FLAG,2,9/20/2011 13:21,8.25,12584,Italy
567478,22692,DOORMAT WELCOME TO OUR HOME,2,9/20/2011 13:21,8.25,12584,Italy
567478,23423,PANTRY 3 HOOK ROLLING PIN HANGER,6,9/20/2011 13:21,3.75,12584,Italy
567478,22960,JAM MAKING SET WITH JARS,6,9/20/2011 13:21,4.25,12584,Italy
567478,23243,SET OF TEA COFFEE SUGAR TINS PANTRY,4,9/20/2011 13:21,4.95,12584,Italy
567478,22722,SET OF 6 SPICE TINS PANTRY DESIGN,4,9/20/2011 13:21,3.95,12584,Italy
567478,22847,BREAD BIN DINER STYLE IVORY,1,9/20/2011 13:21,16.95,12584,Italy
567478,22627,MINT KITCHEN SCALES,2,9/20/2011 13:21,8.5,12584,Italy
567478,22844,VINTAGE CREAM DOG FOOD CONTAINER,4,9/20/2011 13:21,8.5,12584,Italy
567478,22845,VINTAGE CREAM CAT FOOD CONTAINER,2,9/20/2011 13:21,6.35,12584,Italy
567478,23342,MINT DINER WALL CLOCK,2,9/20/2011 13:21,8.5,12584,Italy
567478,22804,CANDLEHOLDER PINK HANGING HEART,6,9/20/2011 13:21,2.95,12584,Italy
567478,22720,SET OF 3 CAKE TINS PANTRY DESIGN ,3,9/20/2011 13:21,4.95,12584,Italy
567478,22366,DOORMAT AIRMAIL ,2,9/20/2011 13:21,8.25,12584,Italy
C569949,23243,SET OF TEA COFFEE SUGAR TINS PANTRY,-2,10/6/2011 18:27,4.95,12584,Italy
C569949,22960,JAM MAKING SET WITH JARS,-1,10/6/2011 18:27,4.25,12584,Italy
C569949,22845,VINTAGE CREAM CAT FOOD CONTAINER,-1,10/6/2011 18:27,6.35,12584,Italy
C569949,22844,VINTAGE CREAM DOG FOOD CONTAINER,-2,10/6/2011 18:27,8.5,12584,Italy
C569949,22804,CANDLEHOLDER PINK HANGING HEART,-2,10/6/2011 18:27,2.95,12584,Italy
C569949,22720,SET OF 3 CAKE TINS PANTRY DESIGN ,-1,10/6/2011 18:27,4.95,12584,Italy
570919,22845,VINTAGE CREAM CAT FOOD CONTAINER,2,10/13/2011 10:57,6.35,12584,Italy
570919,22844,VINTAGE CREAM DOG FOOD CONTAINER,2,10/13/2011 10:57,8.5,12584,Italy
570919,48138,DOORMAT UNION FLAG,4,10/13/2011 10:57,8.25,12584,Italy
570919,22366,DOORMAT AIRMAIL ,4,10/13/2011 10:57,8.25,12584,Italy
570919,23284,DOORMAT KEEP CALM AND COME IN,4,10/13/2011 10:57,8.25,12584,Italy
570919,22692,DOORMAT WELCOME TO OUR HOME,4,10/13/2011 10:57,8.25,12584,Italy
570919,22720,SET OF 3 CAKE TINS PANTRY DESIGN ,3,10/13/2011 10:57,4.95,12584,Italy
570919,22666,RECIPE BOX PANTRY YELLOW DESIGN,6,10/13/2011 10:57,2.95,12584,Italy
570919,22847,BREAD BIN DINER STYLE IVORY,2,10/13/2011 10:57,16.95,12584,Italy
570919,23243,SET OF TEA COFFEE SUGAR TINS PANTRY,4,10/13/2011 10:57,4.95,12584,Italy
570919,21216,"SET 3 RETROSPOT TEA,COFFEE,SUGAR",4,10/13/2011 10:57,4.95,12584,Italy
570919,21533,RETROSPOT LARGE MILK JUG,3,10/13/2011 10:57,4.95,12584,Italy
570919,35810A,ENAMEL PINK COFFEE CONTAINER,12,10/13/2011 10:57,0.83,12584,Italy
570919,22960,JAM MAKING SET WITH JARS,6,10/13/2011 10:57,4.25,12584,Italy
571670,20750,RED RETROSPOT MINI CASES,2,10/18/2011 13:12,7.95,12611,Italy
571670,85099B,JUMBO BAG RED RETROSPOT,10,10/18/2011 13:12,2.08,12611,Italy
571670,23130,MISTLETOE HEART WREATH GREEN,4,10/18/2011 13:12,4.15,12611,Italy
571670,22142,CHRISTMAS CRAFT WHITE FAIRY ,12,10/18/2011 13:12,1.45,12611,Italy
571670,22141,CHRISTMAS CRAFT TREE TOP ANGEL,6,10/18/2011 13:12,2.1,12611,Italy
571670,22144,CHRISTMAS CRAFT LITTLE FRIENDS,6,10/18/2011 13:12,2.1,12611,Italy
571670,23312,VINTAGE CHRISTMAS GIFT SACK,4,10/18/2011 13:12,4.15,12611,Italy
571670,22941,CHRISTMAS LIGHTS 10 REINDEER,4,10/18/2011 13:12,8.5,12611,Italy
571670,22942,CHRISTMAS LIGHTS 10 SANTAS ,4,10/18/2011 13:12,8.5,12611,Italy
571670,22960,JAM MAKING SET WITH JARS,6,10/18/2011 13:12,4.25,12611,Italy
571670,21985,PACK OF 12 HEARTS DESIGN TISSUES ,24,10/18/2011 13:12,0.39,12611,Italy
571670,22197,POPCORN HOLDER,12,10/18/2011 13:12,0.85,12611,Italy
571670,84978,HANGING HEART JAR T-LIGHT HOLDER,12,10/18/2011 13:12,1.25,12611,Italy
571670,23445,ICE CREAM BUBBLES,200,10/18/2011 13:12,0.72,12611,Italy
571670,23559,WOODLAND BUNNIES LOLLY MAKERS,6,10/18/2011 13:12,2.08,12611,Italy
571670,21212,PACK OF 72 RETROSPOT CAKE CASES,24,10/18/2011 13:12,0.55,12611,Italy
571670,22554,PLASTERS IN TIN WOODLAND ANIMALS,12,10/18/2011 13:12,1.65,12611,Italy
571670,22556,PLASTERS IN TIN CIRCUS PARADE ,12,10/18/2011 13:12,1.65,12611,Italy
571670,22553,PLASTERS IN TIN SKULLS,12,10/18/2011 13:12,1.65,12611,Italy
571670,22555,PLASTERS IN TIN STRONGMAN,24,10/18/2011 13:12,1.65,12611,Italy
571670,21967,PACK OF 12 SKULL TISSUES,24,10/18/2011 13:12,0.39,12611,Italy
571670,21981,PACK OF 12 WOODLAND TISSUES ,24,10/18/2011 13:12,0.39,12611,Italy
571670,84375,SET OF 20 KIDS COOKIE CUTTERS,12,10/18/2011 13:12,2.1,12611,Italy
571670,22966,GINGERBREAD MAN COOKIE CUTTER,12,10/18/2011 13:12,1.25,12611,Italy
571670,22965,3 TRADITIONAl BISCUIT CUTTERS  SET,6,10/18/2011 13:12,2.1,12611,Italy
571670,22326,ROUND SNACK BOXES SET OF4 WOODLAND ,6,10/18/2011 13:12,2.95,12611,Italy
571670,22327,ROUND SNACK BOXES SET OF 4 SKULLS,6,10/18/2011 13:12,2.95,12611,Italy
571670,22937,BAKING MOULD CHOCOLATE CUPCAKES,6,10/18/2011 13:12,2.55,12611,Italy
571670,23247,BISCUIT TIN 50'S CHRISTMAS,6,10/18/2011 13:12,2.89,12611,Italy
571670,21976,PACK OF 60 MUSHROOM CAKE CASES,24,10/18/2011 13:12,0.55,12611,Italy
571670,22134,MINI LADLE LOVE HEART RED ,12,10/18/2011 13:12,0.42,12611,Italy
571670,22195,LARGE HEART MEASURING SPOONS,12,10/18/2011 13:12,1.65,12611,Italy
571670,22978,PANTRY ROLLING PIN,6,10/18/2011 13:12,3.75,12611,Italy
571670,22982,PANTRY PASTRY BRUSH,12,10/18/2011 13:12,1.25,12611,Italy
571670,22993,SET OF 4 PANTRY JELLY MOULDS,12,10/18/2011 13:12,1.25,12611,Italy
571670,22483,RED GINGHAM TEDDY BEAR ,6,10/18/2011 13:12,2.95,12611,Italy
571670,22623,BOX OF VINTAGE JIGSAW BLOCKS ,3,10/18/2011 13:12,5.95,12611,Italy
571670,20981,12 PENCILS TALL TUBE WOODLAND,12,10/18/2011 13:12,0.85,12611,Italy
571670,20982,12 PENCILS TALL TUBE SKULLS,12,10/18/2011 13:12,0.85,12611,Italy
571670,22505,MEMO BOARD COTTAGE DESIGN,4,10/18/2011 13:12,4.95,12611,Italy
571670,21828,EIGHT PIECE SNAKE  SET,12,10/18/2011 13:12,1.25,12611,Italy
571670,23082,SET 6 PAPER TABLE LANTERN HEARTS ,6,10/18/2011 13:12,3.75,12611,Italy
571670,22961,JAM MAKING SET PRINTED,12,10/18/2011 13:12,1.45,12611,Italy
571670,22636,CHILDS BREAKFAST SET CIRCUS PARADE,2,10/18/2011 13:12,8.5,12611,Italy
571670,84596F,SMALL MARSHMALLOWS PINK BOWL,16,10/18/2011 13:12,0.42,12611,Italy
571670,22132,RED LOVE HEART SHAPE CUP,12,10/18/2011 13:12,0.85,12611,Italy
571670,84987,SET OF 36 TEATIME PAPER DOILIES,12,10/18/2011 13:12,1.45,12611,Italy
571670,21972,SET OF 36 DINOSAUR PAPER DOILIES,12,10/18/2011 13:12,1.45,12611,Italy
571670,21915,RED  HARMONICA IN BOX ,12,10/18/2011 13:12,1.25,12611,Italy
571670,22622,BOX OF VINTAGE ALPHABET BLOCKS,2,10/18/2011 13:12,11.95,12611,Italy
571670,22654,DELUXE SEWING KIT ,3,10/18/2011 13:12,5.95,12611,Italy
571670,23353,6 GIFT TAGS VINTAGE CHRISTMAS ,24,10/18/2011 13:12,0.83,12611,Italy
571670,20983,12 PENCILS TALL TUBE RED RETROSPOT,12,10/18/2011 13:12,0.85,12611,Italy
571670,21980,PACK OF 12 RED RETROSPOT TISSUES ,24,10/18/2011 13:12,0.39,12611,Italy
571670,21581,SKULLS  DESIGN  COTTON TOTE BAG,6,10/18/2011 13:12,2.25,12611,Italy
571670,22139,RETROSPOT TEA SET CERAMIC 11 PC ,3,10/18/2011 13:12,4.95,12611,Italy
571670,23348,CHILDRENS TOY COOKING UTENSIL SET,6,10/18/2011 13:12,2.08,12611,Italy
571670,21891,TRADITIONAL WOODEN SKIPPING ROPE,12,10/18/2011 13:12,1.45,12611,Italy
571670,22619,SET OF 6 SOLDIER SKITTLES,4,10/18/2011 13:12,3.75,12611,Italy
571670,23298,SPOTTY BUNTING,3,10/18/2011 13:12,4.95,12611,Italy
571670,47590A,BLUE HAPPY BIRTHDAY BUNTING,3,10/18/2011 13:12,5.45,12611,Italy
571670,47590B,PINK HAPPY BIRTHDAY BUNTING,3,10/18/2011 13:12,5.45,12611,Italy
571670,22571,ROCKING HORSE RED CHRISTMAS ,12,10/18/2011 13:12,0.85,12611,Italy
571670,84378,SET OF 3 HEART COOKIE CUTTERS,12,10/18/2011 13:12,1.45,12611,Italy
571670,23296,SET OF 6 TEA TIME BAKING CASES,8,10/18/2011 13:12,1.25,12611,Italy
572457,22273,FELTCRAFT DOLL MOLLY,6,10/24/2011 12:44,2.95,12594,Italy
572457,22274,FELTCRAFT DOLL EMILY,6,10/24/2011 12:44,2.95,12594,Italy
572457,22271,FELTCRAFT DOLL ROSIE,6,10/24/2011 12:44,2.95,12594,Italy
572457,22326,ROUND SNACK BOXES SET OF4 WOODLAND ,18,10/24/2011 12:44,2.95,12594,Italy
572457,22746,POPPY'S PLAYHOUSE LIVINGROOM ,6,10/24/2011 12:44,2.1,12594,Italy
572457,22748,POPPY'S PLAYHOUSE KITCHEN,6,10/24/2011 12:44,2.1,12594,Italy
572457,22745,POPPY'S PLAYHOUSE BEDROOM ,6,10/24/2011 12:44,2.1,12594,Italy
572457,22747,POPPY'S PLAYHOUSE BATHROOM,6,10/24/2011 12:44,2.1,12594,Italy
572457,20711,JUMBO BAG TOYS ,20,10/24/2011 12:44,2.08,12594,Italy
572457,20712,JUMBO BAG WOODLAND ANIMALS,10,10/24/2011 12:44,2.08,12594,Italy
572457,23201,JUMBO BAG ALPHABET,20,10/24/2011 12:44,2.08,12594,Italy
572457,21930,JUMBO STORAGE BAG SKULLS,20,10/24/2011 12:44,2.08,12594,Italy
572457,21931,JUMBO STORAGE BAG SUKI,20,10/24/2011 12:44,2.08,12594,Italy
572457,22379,RECYCLING BAG RETROSPOT ,10,10/24/2011 12:44,2.1,12594,Italy
572457,22380,TOY TIDY SPACEBOY  ,10,10/24/2011 12:44,2.1,12594,Italy
572457,22381,TOY TIDY PINK POLKADOT,5,10/24/2011 12:44,2.1,12594,Italy
572457,21110,LARGE CAKE TOWEL PINK SPOTS,12,10/24/2011 12:44,6.75,12594,Italy
572457,22939,ADULT APRON APPLE DELIGHT,12,10/24/2011 12:44,4.95,12594,Italy
572457,22966,GINGERBREAD MAN COOKIE CUTTER,24,10/24/2011 12:44,1.25,12594,Italy
572457,84375,SET OF 20 KIDS COOKIE CUTTERS,12,10/24/2011 12:44,2.1,12594,Italy
572457,22898,CHILDRENS APRON APPLES DESIGN,8,10/24/2011 12:44,1.95,12594,Italy
572457,71270,PHOTO CLIP LINE,24,10/24/2011 12:44,1.25,12594,Italy
572457,22583,PACK OF 6 HANDBAG GIFT BOXES,10,10/24/2011 12:44,2.55,12594,Italy
572457,22139,RETROSPOT TEA SET CERAMIC 11 PC ,12,10/24/2011 12:44,4.95,12594,Italy
572695,22594,CHRISTMAS GINGHAM TREE,12,10/25/2011 14:23,0.85,12610,Italy
572695,22593,CHRISTMAS GINGHAM STAR,12,10/25/2011 14:23,0.85,12610,Italy
572695,22186,RED STAR CARD HOLDER,12,10/25/2011 14:23,1.95,12610,Italy
572695,22591,CARDHOLDER GINGHAM CHRISTMAS TREE,6,10/25/2011 14:23,3.25,12610,Italy
572695,23321,SMALL WHITE HEART OF WICKER,12,10/25/2011 14:23,1.65,12610,Italy
572695,23333,IVORY WICKER HEART MEDIUM,12,10/25/2011 14:23,1.25,12610,Italy
572695,23332,IVORY WICKER HEART LARGE,12,10/25/2011 14:23,1.65,12610,Italy
572695,23351,ROLL WRAP 50'S CHRISTMAS,12,10/25/2011 14:23,1.25,12610,Italy
572695,85049A,TRADITIONAL CHRISTMAS RIBBONS,12,10/25/2011 14:23,1.25,12610,Italy
572695,23319,BOX OF 6 MINI 50'S CRACKERS,6,10/25/2011 14:23,2.49,12610,Italy
572695,22553,PLASTERS IN TIN SKULLS,24,10/25/2011 14:23,1.65,12610,Italy
572695,21988,PACK OF 6 SKULL PAPER PLATES,12,10/25/2011 14:23,0.85,12610,Italy
572695,21989,PACK OF 20 SKULL PAPER NAPKINS,12,10/25/2011 14:23,0.85,12610,Italy
572695,21987,PACK OF 6 SKULL PAPER CUPS,24,10/25/2011 14:23,0.65,12610,Italy
572695,23010,CIRCUS PARADE BABY GIFT SET,1,10/25/2011 14:23,16.95,12610,Italy
572695,20750,RED RETROSPOT MINI CASES,2,10/25/2011 14:23,7.95,12610,Italy
572695,22138,BAKING SET 9 PIECE RETROSPOT ,6,10/25/2011 14:23,4.95,12610,Italy
572695,22584,PACK OF 6 PANNETONE GIFT BOXES,6,10/25/2011 14:23,2.55,12610,Italy
572695,22865,HAND WARMER OWL DESIGN,12,10/25/2011 14:23,2.1,12610,Italy
572695,22961,JAM MAKING SET PRINTED,12,10/25/2011 14:23,1.45,12610,Italy
572695,22960,JAM MAKING SET WITH JARS,6,10/25/2011 14:23,4.25,12610,Italy
572695,85066,CREAM SWEETHEART MINI CHEST,2,10/25/2011 14:23,12.75,12610,Italy
572695,23263,SET OF 3 WOODEN HEART DECORATIONS,12,10/25/2011 14:23,1.25,12610,Italy
572695,22595,GINGHAM HEART DECORATION,12,10/25/2011 14:23,0.85,12610,Italy
C572761,22960,JAM MAKING SET WITH JARS,-3,10/26/2011 9:38,4.25,12584,Italy
C572761,22845,VINTAGE CREAM CAT FOOD CONTAINER,-1,10/26/2011 9:38,6.35,12584,Italy
C572761,22844,VINTAGE CREAM DOG FOOD CONTAINER,-1,10/26/2011 9:38,8.5,12584,Italy
C572761,22666,RECIPE BOX PANTRY YELLOW DESIGN,-1,10/26/2011 9:38,2.95,12584,Italy
572934,POST,POSTAGE,4,10/27/2011 10:18,40,12610,Italy
573365,22072,RED RETROSPOT TEA CUP AND SAUCER ,4,10/30/2011 13:13,3.75,12584,Italy
573365,21843,RED RETROSPOT CAKE STAND,1,10/30/2011 13:13,10.95,12584,Italy
573365,21533,RETROSPOT LARGE MILK JUG,3,10/30/2011 13:13,4.95,12584,Italy
573365,22846,BREAD BIN DINER STYLE RED ,2,10/30/2011 13:13,16.95,12584,Italy
573365,22960,JAM MAKING SET WITH JARS,12,10/30/2011 13:13,3.75,12584,Italy
573365,22720,SET OF 3 CAKE TINS PANTRY DESIGN ,12,10/30/2011 13:13,4.95,12584,Italy
573365,22625,RED KITCHEN SCALES,2,10/30/2011 13:13,8.5,12584,Italy
573365,22627,MINT KITCHEN SCALES,2,10/30/2011 13:13,8.5,12584,Italy
573365,22624,IVORY KITCHEN SCALES,2,10/30/2011 13:13,8.5,12584,Italy
573365,85123A,WHITE HANGING HEART T-LIGHT HOLDER,12,10/30/2011 13:13,2.95,12584,Italy
573365,22804,PINK HANGING HEART T-LIGHT HOLDER,6,10/30/2011 13:13,2.95,12584,Italy
573365,22847,BREAD BIN DINER STYLE IVORY,4,10/30/2011 13:13,14.95,12584,Italy
573508,84879,ASSORTED COLOUR BIRD ORNAMENT,8,10/31/2011 12:11,1.69,12552,Italy
573508,20685,DOORMAT RED RETROSPOT,2,10/31/2011 12:11,8.25,12552,Italy
573508,22692,DOORMAT WELCOME TO OUR HOME,4,10/31/2011 12:11,8.25,12552,Italy
573508,22898,CHILDRENS APRON APPLES DESIGN,8,10/31/2011 12:11,1.95,12552,Italy
573508,22939,ADULT APRON APPLE DELIGHT,4,10/31/2011 12:11,4.95,12552,Italy
573508,21216,"SET 3 RETROSPOT TEA,COFFEE,SUGAR",4,10/31/2011 12:11,4.95,12552,Italy
573508,21218,RED SPOTTY BISCUIT TIN,6,10/31/2011 12:11,3.75,12552,Italy
573508,22838,3 TIER CAKE TIN RED AND CREAM,1,10/31/2011 12:11,14.95,12552,Italy
573508,84968D,SET OF 16 VINTAGE RED CUTLERY,1,10/31/2011 12:11,12.75,12552,Italy
573508,84968F,SET OF 16 VINTAGE SKY BLUE CUTLERY,1,10/31/2011 12:11,12.75,12552,Italy
573508,84968C,SET OF 16 VINTAGE PISTACHIO CUTLERY,1,10/31/2011 12:11,12.75,12552,Italy
573508,22070,SMALL RED RETROSPOT MUG IN BOX ,6,10/31/2011 12:11,3.75,12552,Italy
573508,22071,SMALL WHITE RETROSPOT MUG IN BOX ,6,10/31/2011 12:11,3.75,12552,Italy
573508,21498,RED RETROSPOT WRAP ,25,10/31/2011 12:11,0.42,12552,Italy
573508,22215,CAKE STAND WHITE TWO TIER LACE,2,10/31/2011 12:11,8.5,12552,Italy
573508,21755,LOVE BUILDING BLOCK WORD,3,10/31/2011 12:11,6.25,12552,Italy
573508,23487,SWEET HEART CAKE CARRIER,1,10/31/2011 12:11,9.95,12552,Italy
573508,21340,CLASSIC METAL BIRDCAGE PLANT HOLDER,1,10/31/2011 12:11,12.75,12552,Italy
573508,23414,ZINC BOX SIGN HOME,1,10/31/2011 12:11,9.95,12552,Italy
573768,POST,POSTAGE,3,11/1/2011 10:02,40,12552,Italy
574022,23084,RABBIT NIGHT LIGHT,48,11/2/2011 12:20,1.79,12594,Italy
C576199,22186,RED STAR CARD HOLDER,-1,11/14/2011 12:13,1.95,12610,Italy
C576199,22584,PACK OF 6 PANNETONE GIFT BOXES,-1,11/14/2011 12:13,2.55,12610,Italy
C576199,22960,JAM MAKING SET WITH JARS,-6,11/14/2011 12:13,4.25,12610,Italy
C576216,85123A,WHITE HANGING HEART T-LIGHT HOLDER,-3,11/14/2011 12:56,2.95,12584,Italy
C576216,22960,JAM MAKING SET WITH JARS,-3,11/14/2011 12:56,4.25,12584,Italy
C576216,22847,BREAD BIN DINER STYLE IVORY,-1,11/14/2011 12:56,16.95,12584,Italy
C576216,22804,PINK HANGING HEART T-LIGHT HOLDER,-3,11/14/2011 12:56,2.95,12584,Italy
C576216,22720,SET OF 3 CAKE TINS PANTRY DESIGN ,-3,11/14/2011 12:56,4.95,12584,Italy
C576216,21843,RED RETROSPOT CAKE STAND,-1,11/14/2011 12:56,10.95,12584,Italy
576907,23332,IVORY WICKER HEART LARGE,24,11/17/2011 9:34,1.65,12610,Italy
576907,23333,IVORY WICKER HEART MEDIUM,24,11/17/2011 9:34,1.25,12610,Italy
576907,22144,CHRISTMAS CRAFT LITTLE FRIENDS,12,11/17/2011 9:34,2.1,12610,Italy
576907,22142,CHRISTMAS CRAFT WHITE FAIRY ,12,11/17/2011 9:34,1.45,12610,Italy
576907,22593,CHRISTMAS GINGHAM STAR,24,11/17/2011 9:34,0.85,12610,Italy
576907,22594,CHRISTMAS GINGHAM TREE,24,11/17/2011 9:34,0.85,12610,Italy
576907,22595,GINGHAM HEART DECORATION,24,11/17/2011 9:34,0.85,12610,Italy
576907,21671,RED SPOT CERAMIC DRAWER KNOB,24,11/17/2011 9:34,1.45,12610,Italy
576907,POST,POSTAGE,1,11/17/2011 9:34,40,12610,Italy
577178,23480,MINI LIGHTS WOODLAND MUSHROOMS,4,11/18/2011 11:10,3.75,12618,Italy
577178,22595,GINGHAM HEART DECORATION,12,11/18/2011 11:10,0.85,12618,Italy
577178,21499,BLUE POLKADOT WRAP,25,11/18/2011 11:10,0.42,12618,Italy
577178,21500,PINK POLKADOT WRAP ,25,11/18/2011 11:10,0.42,12618,Italy
577178,23432,PRETTY HANGING QUILTED HEARTS,12,11/18/2011 11:10,0.83,12618,Italy
577178,22320,BIRDS MOBILE VINTAGE DESIGN,3,11/18/2011 11:10,5.95,12618,Italy
577178,22483,RED GINGHAM TEDDY BEAR ,6,11/18/2011 11:10,2.95,12618,Italy
577178,22138,BAKING SET 9 PIECE RETROSPOT ,3,11/18/2011 11:10,4.95,12618,Italy
577178,20750,RED RETROSPOT MINI CASES,2,11/18/2011 11:10,7.95,12618,Italy
577178,22617,BAKING SET SPACEBOY DESIGN,3,11/18/2011 11:10,4.95,12618,Italy
577178,POST,POSTAGE,1,11/18/2011 11:10,40,12618,Italy
577316,22666,RECIPE BOX PANTRY YELLOW DESIGN,12,11/18/2011 13:30,2.95,12578,Italy
577316,22423,REGENCY CAKESTAND 3 TIER,1,11/18/2011 13:30,12.75,12578,Italy
577316,23170,REGENCY TEA PLATE ROSES ,12,11/18/2011 13:30,1.65,12578,Italy
577316,22699,ROSES REGENCY TEACUP AND SAUCER ,6,11/18/2011 13:30,2.95,12578,Italy
577316,23296,SET OF 6 TEA TIME BAKING CASES,16,11/18/2011 13:30,1.25,12578,Italy
577316,23295,SET OF 12 MINI LOAF BAKING CASES,16,11/18/2011 13:30,0.83,12578,Italy
577316,23293,SET OF 12 FAIRY CAKE BAKING CASES,16,11/18/2011 13:30,0.83,12578,Italy
577316,22847,BREAD BIN DINER STYLE IVORY,4,11/18/2011 13:30,14.95,12578,Italy
577316,22840,ROUND CAKE TIN VINTAGE RED,12,11/18/2011 13:30,6.95,12578,Italy
577316,22939,ADULT APRON APPLE DELIGHT,4,11/18/2011 13:30,4.95,12578,Italy
577316,22895,SET OF 2 TEA TOWELS APPLE AND PEARS,6,11/18/2011 13:30,3.25,12578,Italy
577316,23271,CHRISTMAS TABLE SILVER CANDLE SPIKE,16,11/18/2011 13:30,0.83,12578,Italy
577316,23497,CLASSIC CHROME BICYCLE BELL ,12,11/18/2011 13:30,1.45,12578,Italy
577316,22109,FULL ENGLISH BREAKFAST PLATE,4,11/18/2011 13:30,3.75,12578,Italy
577316,22367,CHILDRENS APRON SPACEBOY DESIGN,8,11/18/2011 13:30,1.95,12578,Italy
577316,23559,WOODLAND BUNNIES LOLLY MAKERS,6,11/18/2011 13:30,2.08,12578,Italy
577316,84997D,CHILDRENS CUTLERY POLKADOT PINK,4,11/18/2011 13:30,4.15,12578,Italy
577316,47591D,PINK FAIRY CAKE CHILDRENS APRON,8,11/18/2011 13:30,1.95,12578,Italy
577316,21888,BINGO SET,4,11/18/2011 13:30,3.75,12578,Italy
577316,21703,BAG 125g SWIRLY MARBLES,24,11/18/2011 13:30,0.42,12578,Italy
577316,22992,REVOLVER WOODEN RULER ,12,11/18/2011 13:30,1.95,12578,Italy
577316,22492,MINI PAINT SET VINTAGE ,36,11/18/2011 13:30,0.65,12578,Italy
577316,23569,TRADTIONAL ALPHABET STAMP SET,8,11/18/2011 13:30,4.95,12578,Italy
577316,22150,3 STRIPEY MICE FELTCRAFT,12,11/18/2011 13:30,1.95,12578,Italy
577316,22271,FELTCRAFT DOLL ROSIE,6,11/18/2011 13:30,2.95,12578,Italy
577316,22273,FELTCRAFT DOLL MOLLY,6,11/18/2011 13:30,2.95,12578,Italy
577316,22751,FELTCRAFT PRINCESS OLIVIA DOLL,4,11/18/2011 13:30,3.75,12578,Italy
577316,22750,FELTCRAFT PRINCESS LOLA DOLL,8,11/18/2011 13:30,3.75,12578,Italy
577316,22749,FELTCRAFT PRINCESS CHARLOTTE DOLL,12,11/18/2011 13:30,3.75,12578,Italy
577316,20972,PINK CREAM FELT CRAFT TRINKET BOX ,12,11/18/2011 13:30,1.25,12578,Italy
577316,20971,PINK BLUE FELT CRAFT TRINKET BOX,12,11/18/2011 13:30,1.25,12578,Italy
577316,22759,SET OF 3 NOTEBOOKS IN PARCEL,12,11/18/2011 13:30,1.65,12578,Italy
577316,23439,HAND WARMER RED LOVE HEART,12,11/18/2011 13:30,2.1,12578,Italy
577316,22866,HAND WARMER SCOTTY DOG DESIGN,12,11/18/2011 13:30,2.1,12578,Italy
577316,22867,HAND WARMER BIRD DESIGN,12,11/18/2011 13:30,2.1,12578,Italy
577316,23582,VINTAGE DOILY JUMBO BAG RED ,10,11/18/2011 13:30,2.08,12578,Italy
577316,23203,JUMBO BAG VINTAGE DOILY ,10,11/18/2011 13:30,2.08,12578,Italy
577316,23681,LUNCH BAG RED VINTAGE DOILY,10,11/18/2011 13:30,1.65,12578,Italy
577316,23209,LUNCH BAG VINTAGE DOILY ,10,11/18/2011 13:30,1.65,12578,Italy
577316,23240,SET OF 4 KNICK KNACK TINS DOILY ,6,11/18/2011 13:30,4.15,12578,Italy
577316,23493,VINTAGE DOILY TRAVEL SEWING KIT,10,11/18/2011 13:30,1.95,12578,Italy
577316,22960,JAM MAKING SET WITH JARS,12,11/18/2011 13:30,3.75,12578,Italy
577316,22989,SET 2 PANTRY DESIGN TEA TOWELS,6,11/18/2011 13:30,3.25,12578,Italy
577316,POST,POSTAGE,7,11/18/2011 13:30,28,12578,Italy
577609,23112,PARISIENNE CURIO CABINET,2,11/21/2011 9:51,7.5,12349,Italy
577609,23460,SWEETHEART WALL TIDY ,2,11/21/2011 9:51,9.95,12349,Italy
577609,21564,PINK  HEART SHAPE LOVE BUCKET ,6,11/21/2011 9:51,2.95,12349,Italy
577609,21411,GINGHAM HEART  DOORSTOP RED,3,11/21/2011 9:51,4.25,12349,Italy
577609,21563,RED HEART SHAPE LOVE BUCKET ,6,11/21/2011 9:51,2.95,12349,Italy
577609,22131,FOOD CONTAINER SET 3 LOVE HEART ,6,11/21/2011 9:51,1.95,12349,Italy
577609,22195,LARGE HEART MEASURING SPOONS,12,11/21/2011 9:51,1.65,12349,Italy
577609,48194,DOORMAT HEARTS,2,11/21/2011 9:51,8.25,12349,Italy
577609,84978,HANGING HEART JAR T-LIGHT HOLDER,12,11/21/2011 9:51,1.25,12349,Italy
577609,22832,BROCANTE SHELF WITH HOOKS,2,11/21/2011 9:51,10.75,12349,Italy
577609,22557,PLASTERS IN TIN VINTAGE PAISLEY ,12,11/21/2011 9:51,1.65,12349,Italy
577609,23198,PANTRY MAGNETIC  SHOPPING LIST,12,11/21/2011 9:51,1.45,12349,Italy
577609,22666,RECIPE BOX PANTRY YELLOW DESIGN,6,11/21/2011 9:51,2.95,12349,Italy
577609,22720,SET OF 3 CAKE TINS PANTRY DESIGN ,3,11/21/2011 9:51,4.95,12349,Italy
577609,22960,JAM MAKING SET WITH JARS,6,11/21/2011 9:51,4.25,12349,Italy
577609,22722,SET OF 6 SPICE TINS PANTRY DESIGN,4,11/21/2011 9:51,3.95,12349,Italy
577609,23113,PANTRY CHOPPING BOARD,3,11/21/2011 9:51,4.95,12349,Italy
577609,22692,DOORMAT WELCOME TO OUR HOME,4,11/21/2011 9:51,8.25,12349,Italy
577609,23253,16 PIECE CUTLERY SET PANTRY DESIGN,4,11/21/2011 9:51,15.95,12349,Italy
577609,22071,SMALL WHITE RETROSPOT MUG IN BOX ,6,11/21/2011 9:51,3.75,12349,Italy
577609,85014A,BLACK/BLUE POLKADOT UMBRELLA,3,11/21/2011 9:51,5.95,12349,Italy
577609,22567,20 DOLLY PEGS RETROSPOT,12,11/21/2011 9:51,1.45,12349,Italy
577609,84078A,SET/4 WHITE RETRO STORAGE CUBES ,1,11/21/2011 9:51,39.95,12349,Italy
577609,22423,REGENCY CAKESTAND 3 TIER,1,11/21/2011 9:51,12.75,12349,Italy
577609,20914,SET/5 RED RETROSPOT LID GLASS BOWLS,6,11/21/2011 9:51,2.95,12349,Italy
577609,20685,DOORMAT RED RETROSPOT,6,11/21/2011 9:51,8.25,12349,Italy
577609,21086,SET/6 RED SPOTTY PAPER CUPS,12,11/21/2011 9:51,0.65,12349,Italy
577609,21535,RED RETROSPOT SMALL MILK JUG,6,11/21/2011 9:51,2.55,12349,Italy
577609,21531,RED RETROSPOT SUGAR JAM BOWL,6,11/21/2011 9:51,2.55,12349,Italy
577609,21533,RETROSPOT LARGE MILK JUG,3,11/21/2011 9:51,4.95,12349,Italy
577609,22070,SMALL RED RETROSPOT MUG IN BOX ,6,11/21/2011 9:51,3.75,12349,Italy
577609,21787,RAIN PONCHO RETROSPOT,24,11/21/2011 9:51,0.85,12349,Italy
577609,85014B,RED RETROSPOT UMBRELLA,3,11/21/2011 9:51,5.95,12349,Italy
577609,22553,PLASTERS IN TIN SKULLS,12,11/21/2011 9:51,1.65,12349,Italy
577609,23020,GLASS  SONGBIRD STORAGE JAR,1,11/21/2011 9:51,12.5,12349,Italy
577609,23293,SET OF 12 FAIRY CAKE BAKING CASES,8,11/21/2011 9:51,0.83,12349,Italy
577609,23296,SET OF 6 TEA TIME BAKING CASES,8,11/21/2011 9:51,1.25,12349,Italy
577609,23294,SET OF 6 SNACK LOAF BAKING CASES,8,11/21/2011 9:51,0.83,12349,Italy
577609,23545,WRAP RED VINTAGE DOILY,25,11/21/2011 9:51,0.42,12349,Italy
577609,23295,SET OF 12 MINI LOAF BAKING CASES,8,11/21/2011 9:51,0.83,12349,Italy
577609,23236,STORAGE TIN VINTAGE DOILY ,6,11/21/2011 9:51,2.89,12349,Italy
577609,23240,SET OF 4 KNICK KNACK TINS DOILY ,6,11/21/2011 9:51,4.15,12349,Italy
577609,23283,DOORMAT VINTAGE LEAF,2,11/21/2011 9:51,8.25,12349,Italy
577609,22326,ROUND SNACK BOXES SET OF4 WOODLAND ,6,11/21/2011 9:51,2.95,12349,Italy
577609,22554,PLASTERS IN TIN WOODLAND ANIMALS,12,11/21/2011 9:51,1.65,12349,Italy
577609,22555,PLASTERS IN TIN STRONGMAN,12,11/21/2011 9:51,1.65,12349,Italy
577609,22333,RETROSPOT PARTY BAG + STICKER SET,8,11/21/2011 9:51,1.65,12349,Italy
577609,23493,VINTAGE DOILY TRAVEL SEWING KIT,10,11/21/2011 9:51,1.95,12349,Italy
577609,23494,VINTAGE DOILY DELUXE SEWING KIT ,3,11/21/2011 9:51,5.95,12349,Italy
577609,23497,CLASSIC CHROME BICYCLE BELL ,12,11/21/2011 9:51,1.45,12349,Italy
577609,23514,EMBROIDERED RIBBON REEL SALLY ,6,11/21/2011 9:51,2.08,12349,Italy
577609,21136,PAINTED METAL PEARS ASSORTED,16,11/21/2011 9:51,1.69,12349,Italy
577609,22704,WRAP RED APPLES ,25,11/21/2011 9:51,0.42,12349,Italy
577609,22601,CHRISTMAS RETROSPOT ANGEL WOOD,12,11/21/2011 9:51,0.85,12349,Italy
577609,23263,SET OF 3 WOODEN HEART DECORATIONS,12,11/21/2011 9:51,1.25,12349,Italy
577609,23273,HEART T-LIGHT HOLDER WILLIE WINKIE,12,11/21/2011 9:51,1.65,12349,Italy
577609,23439,HAND WARMER RED LOVE HEART,12,11/21/2011 9:51,2.1,12349,Italy
577609,35970,ZINC FOLKART SLEIGH BELLS,12,11/21/2011 9:51,1.69,12349,Italy
577609,22556,PLASTERS IN TIN CIRCUS PARADE ,12,11/21/2011 9:51,1.65,12349,Italy
577609,47504H,ENGLISH ROSE SPIRIT LEVEL ,12,11/21/2011 9:51,0.79,12349,Italy
577609,23108,SET OF 10 LED DOLLY LIGHTS,2,11/21/2011 9:51,6.25,12349,Italy
577609,85053,FRENCH ENAMEL CANDLEHOLDER,6,11/21/2011 9:51,2.1,12349,Italy
577609,22441,GROW YOUR OWN BASIL IN ENAMEL MUG,8,11/21/2011 9:51,2.1,12349,Italy
577609,22430,ENAMEL WATERING CAN CREAM,4,11/21/2011 9:51,4.95,12349,Italy
577609,48184,DOORMAT ENGLISH ROSE ,6,11/21/2011 9:51,8.25,12349,Italy
577609,22059,CERAMIC STRAWBERRY DESIGN MUG,12,11/21/2011 9:51,1.49,12349,Italy
577609,21231,SWEETHEART CERAMIC TRINKET BOX,36,11/21/2011 9:51,1.25,12349,Italy
577609,21232,STRAWBERRY CERAMIC TRINKET POT,36,11/21/2011 9:51,1.25,12349,Italy
577609,22064,PINK DOUGHNUT TRINKET POT ,12,11/21/2011 9:51,1.65,12349,Italy
577609,37448,CERAMIC CAKE DESIGN SPOTTED MUG,12,11/21/2011 9:51,1.49,12349,Italy
577609,37500,TEA TIME TEAPOT IN GIFT BOX,12,11/21/2011 9:51,4.95,12349,Italy
577609,48185,DOORMAT FAIRY CAKE,4,11/21/2011 9:51,8.25,12349,Italy
577609,POST,POSTAGE,1,11/21/2011 9:51,300,12349,Italy
577809,21430,SET/3 RED GINGHAM ROSE STORAGE BOX,4,11/22/2011 8:34,3.75,12584,Italy
577809,22847,BREAD BIN DINER STYLE IVORY,4,11/22/2011 8:34,14.95,12584,Italy
577809,22667,RECIPE BOX RETROSPOT ,2,11/22/2011 8:34,2.95,12584,Italy
577809,22666,RECIPE BOX PANTRY YELLOW DESIGN,6,11/22/2011 8:34,2.95,12584,Italy
577809,22120,WELCOME  WOODEN BLOCK LETTERS,9,11/22/2011 8:34,9.95,12584,Italy
577809,21216,"SET 3 RETROSPOT TEA,COFFEE,SUGAR",4,11/22/2011 8:34,4.95,12584,Italy
577809,23243,SET OF TEA COFFEE SUGAR TINS PANTRY,4,11/22/2011 8:34,4.95,12584,Italy
577809,48138,DOORMAT UNION FLAG,2,11/22/2011 8:34,8.25,12584,Italy
577809,21524,DOORMAT SPOTTY HOME SWEET HOME,2,11/22/2011 8:34,8.25,12584,Italy
577809,22844,VINTAGE CREAM DOG FOOD CONTAINER,12,11/22/2011 8:34,7.65,12584,Italy
577809,22845,VINTAGE CREAM CAT FOOD CONTAINER,4,11/22/2011 8:34,6.35,12584,Italy
577809,22853,CAT BOWL VINTAGE CREAM,6,11/22/2011 8:34,3.25,12584,Italy
577809,22852,DOG BOWL VINTAGE CREAM,4,11/22/2011 8:34,4.25,12584,Italy
578078,23154,SET OF 4 JAM JAR MAGNETS,12,11/22/2011 16:24,2.08,12586,Italy
578078,23176,ABC TREASURE BOOK BOX ,8,11/22/2011 16:24,2.25,12586,Italy
578078,21733,RED HANGING HEART T-LIGHT HOLDER,6,11/22/2011 16:24,2.95,12586,Italy
578078,85123A,WHITE HANGING HEART T-LIGHT HOLDER,6,11/22/2011 16:24,2.95,12586,Italy
578078,22138,BAKING SET 9 PIECE RETROSPOT ,3,11/22/2011 16:24,4.95,12586,Italy
578078,22139,RETROSPOT TEA SET CERAMIC 11 PC ,6,11/22/2011 16:24,4.95,12586,Italy
578078,23021,GLASS BONNE JAM JAR,8,11/22/2011 16:24,4.15,12586,Italy
578078,22720,SET OF 3 CAKE TINS PANTRY DESIGN ,3,11/22/2011 16:24,4.95,12586,Italy
578078,23142,IVORY WIRE KITCHEN ORGANISER,1,11/22/2011 16:24,10.4,12586,Italy
578078,22845,VINTAGE CREAM CAT FOOD CONTAINER,2,11/22/2011 16:24,6.35,12586,Italy
578078,16048,TEATIME ROUND PENCIL SHARPENER ,24,11/22/2011 16:24,0.12,12586,Italy
578108,23504,PLAYING CARDS JUBILEE UNION JACK,12,11/23/2011 9:20,1.25,14912,Italy
578108,23507,MINI PLAYING CARDS BUFFALO BILL ,20,11/23/2011 9:20,0.42,14912,Italy
578108,23506,MINI PLAYING CARDS SPACEBOY ,20,11/23/2011 9:20,0.42,14912,Italy
578108,23583,LUNCH BAG PAISLEY PARK  ,10,11/23/2011 9:20,1.65,14912,Italy
578108,23501,KEY RING BASEBALL BOOT UNION JACK,20,11/23/2011 9:20,1.25,14912,Italy
578108,23358,HOT STUFF HOT WATER BOTTLE,12,11/23/2011 9:20,3.75,14912,Italy
578108,23357,HOT WATER BOTTLE SEX BOMB,4,11/23/2011 9:20,4.95,14912,Italy
578108,21169,YOU'RE CONFUSING ME METAL SIGN ,12,11/23/2011 9:20,1.69,14912,Italy
578108,22197,POPCORN HOLDER,100,11/23/2011 9:20,0.72,14912,Italy
578108,51014L,"FEATHER PEN,LIGHT PINK",72,11/23/2011 9:20,0.39,14912,Italy
578108,51014C,"FEATHER PEN,COAL BLACK",96,11/23/2011 9:20,0.39,14912,Italy
578108,51014A,"FEATHER PEN,HOT PINK",144,11/23/2011 9:20,0.39,14912,Italy
578108,22690,DOORMAT HOME SWEET HOME BLUE ,4,11/23/2011 9:20,8.25,14912,Italy
C578239,D,Discount,-1,11/23/2011 12:29,26.33,14912,Italy
C579785,23243,SET OF TEA COFFEE SUGAR TINS PANTRY,-2,11/30/2011 15:29,4.95,12584,Italy
C579785,22847,BREAD BIN DINER STYLE IVORY,-3,11/30/2011 15:29,16.95,12584,Italy
C579785,22845,VINTAGE CREAM CAT FOOD CONTAINER,-3,11/30/2011 15:29,6.35,12584,Italy
C579785,22844,VINTAGE CREAM DOG FOOD CONTAINER,-3,11/30/2011 15:29,8.5,12584,Italy
C579785,22666,RECIPE BOX PANTRY YELLOW DESIGN,-1,11/30/2011 15:29,2.95,12584,Italy
C579864,22120,WELCOME  WOODEN BLOCK LETTERS,-9,11/30/2011 16:37,9.95,12584,Italy
580746,21733,RED HANGING HEART T-LIGHT HOLDER,6,12/6/2011 9:35,2.95,12584,Italy
580746,85123A,WHITE HANGING HEART T-LIGHT HOLDER,18,12/6/2011 9:35,2.95,12584,Italy
580746,22847,BREAD BIN DINER STYLE IVORY,1,12/6/2011 9:35,16.95,12584,Italy
580746,22846,BREAD BIN DINER STYLE RED ,1,12/6/2011 9:35,16.95,12584,Italy
580746,22667,RECIPE BOX RETROSPOT ,6,12/6/2011 9:35,2.95,12584,Italy
580746,48138,DOORMAT UNION FLAG,2,12/6/2011 9:35,8.25,12584,Italy
580746,22627,MINT KITCHEN SCALES,2,12/6/2011 9:35,8.5,12584,Italy
580746,22720,SET OF 3 CAKE TINS PANTRY DESIGN ,9,12/6/2011 9:35,4.95,12584,Italy
